<?xml version="1.0" encoding="UTF-8"?>
  <SupportAssistPrebootDiagnosticLog>
    <Schema>1.0.0</Schema>
    <LogNumber>10</LogNumber>
    <LogTimeStamp>05/14/2020 02:42:22</LogTimeStamp>
    <ePSA_Data>
      <Result>Pass</Result>
      <ReturnCode>BOOT_HOST_OS</ReturnCode>
      <DevicesTested>Fan</DevicesTested>
      <LogData>
        <ePSALogTimeStamp>05/14/2020 02:42:18</ePSALogTimeStamp>
        <ePSAVersion>4400.10</ePSAVersion>
        <ErrorCode>2000:0000</ErrorCode>
        <ValidationCode>71127</ValidationCode>
        <ErrorMessage><![CDATA[ePSA quick test pass]]></ErrorMessage>
      </LogData>
      <MemRxHealed>FALSE</MemRxHealed>
      <ePSAInfo><![CDATA[serviceTag=BDNT2X2&errCode=0000&ValCode=71127&uID=0311D]]></ePSAInfo>
      <ePSAFullVersion>4400.10</ePSAFullVersion>
      <ePSAInvocationCount>1</ePSAInvocationCount>
    </ePSA_Data>
    <BIOS_Data>
      <ErrorCategory>FAN_FAIL</ErrorCategory>
      <FRU_String><![CDATA[CPU]]></FRU_String>
      <SOS_Available>FALSE</SOS_Available>
      <TimeOutSeconds>0</TimeOutSeconds>
    </BIOS_Data>
  </SupportAssistPrebootDiagnosticLog>
