<?xml version="1.0" encoding="UTF-8"?>
  <SupportAssistPrebootDiagnosticLog>
    <Schema>1.0.0</Schema>
    <LogNumber>8</LogNumber>
    <LogTimeStamp>01/01/2019 00:02:20</LogTimeStamp>
    <ePSA_Data>
      <Result>Not Reported</Result>
      <ReturnCode>BOOT_F2</ReturnCode>
      <ePSAFullVersion>4400.10</ePSAFullVersion>
      <ePSAInvocationCount>2</ePSAInvocationCount>
    </ePSA_Data>
    <BIOS_Data>
      <ErrorCategory>DISPLAY_ONLY</ErrorCategory>
      <ErrorMessage><![CDATA[Real Time Clock Error.
System CMOS Checksum bad
Time-of-day not set - please run SETUP program.]]></ErrorMessage>
      <SOS_Available>FALSE</SOS_Available>
      <TimeOutSeconds>0</TimeOutSeconds>
    </BIOS_Data>
  </SupportAssistPrebootDiagnosticLog>
